{
  "ReRoutes": [
    {
      "UpstreamPathTemplate": "/swagger/{everything}",
      "UpstreamHttpMethod": [ "GET" ],
      "DownstreamPathTemplate": "/api/swagger/{everything}",
      "DownstreamScheme": "https",
      "DownstreamHostAndPorts": [
        {
          "Host": "localhost",
          "Port": 44357
        }
      ],
      "ReRouteIsCaseSensitive": false
    },

    {
      "UpstreamPathTemplate": "/connect/token",
      "UpstreamHttpMethod": [ "GET", "POST" ],
      "DownstreamPathTemplate": "/connect/token",
      "DownstreamScheme": "https",
      "DownstreamHostAndPorts": [
        {
          "Host": "localhost",
          "Port": 44357
        }
      ],
      "ReRouteIsCaseSensitive": false
    },

    {
      "UpstreamPathTemplate": "/dominio/ModalidadeExecucao",
      "UpstreamHttpMethod": [ "GET" ],
      "DownstreamPathTemplate": "/api/dominio/ModalidadeExecucao",
      "DownstreamScheme": "https",
      "DownstreamHostAndPorts": [
        {
          "Host": "localhost",
          "Port": 44357
        }
      ],
      "ReRouteIsCaseSensitive": false,
      "FileCacheOptions": {
        "TtlSeconds": 3600,
        "Region": "ModalidadeExecucao"
      }
    },
    {
      "UpstreamPathTemplate": "/dominio/FormaCalculoTempoItemCatalogo",
      "UpstreamHttpMethod": [ "GET" ],
      "DownstreamPathTemplate": "/api/dominio/FormaCalculoTempoItemCatalogo",
      "DownstreamScheme": "https",
      "DownstreamHostAndPorts": [
        {
          "Host": "localhost",
          "Port": 44357
        }
      ],
      "ReRouteIsCaseSensitive": false,
      "FileCacheOptions": {
        "TtlSeconds": 3600,
        "Region": "FormaCalculoTempoItemCatalogo"
      },
      "AuthenticationOptions": {
        "AuthenticationProviderKey": "Bearer",
        "AllowedScopes": [ "SISGP.ProgramaGestao" ]
      }
    },
    {
      "UpstreamPathTemplate": "/dominio/SituacaoPlanoTrabalho",
      "UpstreamHttpMethod": [ "GET" ],
      "DownstreamPathTemplate": "/api/dominio/SituacaoPlanoTrabalho",
      "DownstreamScheme": "https",
      "DownstreamHostAndPorts": [
        {
          "Host": "localhost",
          "Port": 44357
        }
      ],
      "ReRouteIsCaseSensitive": false,
      "FileCacheOptions": {
        "TtlSeconds": 3600,
        "Region": "SituacaoPlanoTrabalho"
      },
      "AuthenticationOptions": {
        "AuthenticationProviderKey": "Bearer",
        "AllowedScopes": [ "SISGP.ProgramaGestao" ]
      }
    },
    {
      "UpstreamPathTemplate": "/dominio/SituacaoPactoTrabalho",
      "UpstreamHttpMethod": [ "GET" ],
      "DownstreamPathTemplate": "/api/dominio/SituacaoPactoTrabalho",
      "DownstreamScheme": "https",
      "DownstreamHostAndPorts": [
        {
          "Host": "localhost",
          "Port": 44357
        }
      ],
      "ReRouteIsCaseSensitive": false,
      "FileCacheOptions": {
        "TtlSeconds": 3600,
        "Region": "SituacaoPactoTrabalho"
      },
      "AuthenticationOptions": {
        "AuthenticationProviderKey": "Bearer",
        "AllowedScopes": [ "SISGP.ProgramaGestao" ]
      }
    },
    {
      "UpstreamPathTemplate": "/dominio/SituacaoAtividadePactoTrabalho",
      "UpstreamHttpMethod": [ "GET" ],
      "DownstreamPathTemplate": "/api/dominio/SituacaoAtividadePactoTrabalho",
      "DownstreamScheme": "https",
      "DownstreamHostAndPorts": [
        {
          "Host": "localhost",
          "Port": 44357
        }
      ],
      "ReRouteIsCaseSensitive": false,
      "FileCacheOptions": {
        "TtlSeconds": 3600,
        "Region": "SituacaoAtividadePactoTrabalho"
      },
      "AuthenticationOptions": {
        "AuthenticationProviderKey": "Bearer",
        "AllowedScopes": [ "SISGP.ProgramaGestao" ]
      }
    },
    {
      "UpstreamPathTemplate": "/dominio/CriterioPerfilAtividadePlano",
      "UpstreamHttpMethod": [ "GET" ],
      "DownstreamPathTemplate": "/api/dominio/CriterioPerfilAtividadePlano",
      "DownstreamScheme": "https",
      "DownstreamHostAndPorts": [
        {
          "Host": "localhost",
          "Port": 44357
        }
      ],
      "ReRouteIsCaseSensitive": false,
      "FileCacheOptions": {
        "TtlSeconds": 3600,
        "Region": "CriterioPerfilAtividadePlano"
      },
      "AuthenticationOptions": {
        "AuthenticationProviderKey": "Bearer",
        "AllowedScopes": [ "SISGP.ProgramaGestao" ]
      }
    },
    {
      "UpstreamPathTemplate": "/dominio/SituacaoCandidaturaPlanoTrabalho/Solicitada",
      "UpstreamHttpMethod": [ "GET" ],
      "DownstreamPathTemplate": "/api/dominio/SituacaoCandidaturaPlanoTrabalho/Solicitada",
      "DownstreamScheme": "https",
      "DownstreamHostAndPorts": [
        {
          "Host": "localhost",
          "Port": 44357
        }
      ],
      "ReRouteIsCaseSensitive": false,
      "FileCacheOptions": {
        "TtlSeconds": 3600,
        "Region": "SituacaoCandidaturaPlanoTrabalhoSolicitada"
      },
      "AuthenticationOptions": {
        "AuthenticationProviderKey": "Bearer",
        "AllowedScopes": [ "SISGP.ProgramaGestao" ]
      }
    },


    {
      "UpstreamPathTemplate": "/catalogo",
      "UpstreamHttpMethod": [ "GET" ],
      "DownstreamPathTemplate": "/api/catalogo",
      "DownstreamScheme": "https",
      "DownstreamHostAndPorts": [
        {
          "Host": "localhost",
          "Port": 44357
        }
      ],
      "ReRouteIsCaseSensitive": false,
      "AuthenticationOptions": {
        "AuthenticationProviderKey": "Bearer",
        "AllowedScopes": [ "SISGP.ProgramaGestao" ]
      }
    },
    {
      "UpstreamPathTemplate": "/catalogo/{unidadeId}",
      "UpstreamHttpMethod": [ "GET" ],
      "DownstreamPathTemplate": "/api/catalogo/{unidadeId}",
      "DownstreamScheme": "https",
      "DownstreamHostAndPorts": [
        {
          "Host": "localhost",
          "Port": 44357
        }
      ],
      "ReRouteIsCaseSensitive": false,
      "AuthenticationOptions": {
        "AuthenticationProviderKey": "Bearer",
        "AllowedScopes": [ "SISGP.ProgramaGestao" ]
      }
    },
    {
      "UpstreamPathTemplate": "/catalogo/{unidadeId}/itens",
      "UpstreamHttpMethod": [ "GET" ],
      "DownstreamPathTemplate": "/api/catalogo/{unidadeId}/itens",
      "DownstreamScheme": "https",
      "DownstreamHostAndPorts": [
        {
          "Host": "localhost",
          "Port": 44357
        }
      ],
      "ReRouteIsCaseSensitive": false,
      "AuthenticationOptions": {
        "AuthenticationProviderKey": "Bearer",
        "AllowedScopes": [ "SISGP.ProgramaGestao" ]
      }
    },
    {
      "UpstreamPathTemplate": "/catalogo",
      "UpstreamHttpMethod": [ "POST" ],
      "DownstreamPathTemplate": "/api/catalogo",
      "DownstreamScheme": "https",
      "DownstreamHostAndPorts": [
        {
          "Host": "localhost",
          "Port": 44357
        }
      ],
      "ReRouteIsCaseSensitive": false,
      "AuthenticationOptions": {
        "AuthenticationProviderKey": "Bearer",
        "AllowedScopes": [ "SISGP.ProgramaGestao" ]
      }
    },
    {
      "UpstreamPathTemplate": "/catalogo/{Catalogoid}",
      "UpstreamHttpMethod": [ "PUT" ],
      "DownstreamPathTemplate": "/api/catalogo/{Catalogoid}",
      "DownstreamScheme": "https",
      "DownstreamHostAndPorts": [
        {
          "Host": "localhost",
          "Port": 44357
        }
      ],
      "ReRouteIsCaseSensitive": false,
      "AuthenticationOptions": {
        "AuthenticationProviderKey": "Bearer",
        "AllowedScopes": [ "SISGP.ProgramaGestao" ]
      }
    },
    {
      "UpstreamPathTemplate": "/catalogo/{Catalogoid}",
      "UpstreamHttpMethod": [ "DELETE" ],
      "DownstreamPathTemplate": "/api/catalogo/{Catalogoid}",
      "DownstreamScheme": "https",
      "DownstreamHostAndPorts": [
        {
          "Host": "localhost",
          "Port": 44357
        }
      ],
      "ReRouteIsCaseSensitive": false,
      "AuthenticationOptions": {
        "AuthenticationProviderKey": "Bearer",
        "AllowedScopes": [ "SISGP.ProgramaGestao" ]
      }
    },
    {
      "UpstreamPathTemplate": "/catalogo/{catalogoid}/item",
      "UpstreamHttpMethod": [ "POST" ],
      "DownstreamPathTemplate": "/api/catalogo/{catalogoid}/item",
      "DownstreamScheme": "https",
      "DownstreamHostAndPorts": [
        {
          "Host": "localhost",
          "Port": 44357
        }
      ],
      "ReRouteIsCaseSensitive": false,
      "AuthenticationOptions": {
        "AuthenticationProviderKey": "Bearer",
        "AllowedScopes": [ "SISGP.ProgramaGestao" ]
      }
    },
    {
      "UpstreamPathTemplate": "/catalogo/{catalogoid}/item/{itemCatalogoId}",
      "UpstreamHttpMethod": [ "DELETE" ],
      "DownstreamPathTemplate": "/api/catalogo/{catalogoid}/item/{itemCatalogoId}",
      "DownstreamScheme": "https",
      "DownstreamHostAndPorts": [
        {
          "Host": "localhost",
          "Port": 44357
        }
      ],
      "ReRouteIsCaseSensitive": false,
      "AuthenticationOptions": {
        "AuthenticationProviderKey": "Bearer",
        "AllowedScopes": [ "SISGP.ProgramaGestao" ]
      }
    },


    {
      "UpstreamPathTemplate": "/itemcatalogo",
      "UpstreamHttpMethod": [ "GET" ],
      "DownstreamPathTemplate": "/api/itemcatalogo",
      "DownstreamScheme": "https",
      "DownstreamHostAndPorts": [
        {
          "Host": "localhost",
          "Port": 44357
        }
      ],
      "ReRouteIsCaseSensitive": false,
      "AuthenticationOptions": {
        "AuthenticationProviderKey": "Bearer",
        "AllowedScopes": [ "SISGP.ProgramaGestao" ]
      }
    },
    {
      "UpstreamPathTemplate": "/itemcatalogo/{itemCatalogoid}",
      "UpstreamHttpMethod": [ "GET" ],
      "DownstreamPathTemplate": "/api/itemcatalogo/{itemCatalogoid}",
      "DownstreamScheme": "https",
      "DownstreamHostAndPorts": [
        {
          "Host": "localhost",
          "Port": 44357
        }
      ],
      "ReRouteIsCaseSensitive": false,
      "AuthenticationOptions": {
        "AuthenticationProviderKey": "Bearer",
        "AllowedScopes": [ "SISGP.ProgramaGestao" ]
      }
    },
    {
      "UpstreamPathTemplate": "/itemcatalogo",
      "UpstreamHttpMethod": [ "POST" ],
      "DownstreamPathTemplate": "/api/itemcatalogo",
      "DownstreamScheme": "https",
      "DownstreamHostAndPorts": [
        {
          "Host": "localhost",
          "Port": 44357
        }
      ],
      "ReRouteIsCaseSensitive": false,
      "AuthenticationOptions": {
        "AuthenticationProviderKey": "Bearer",
        "AllowedScopes": [ "SISGP.ProgramaGestao" ]
      }
    },
    {
      "UpstreamPathTemplate": "/itemcatalogo/{itemCatalogoid}",
      "UpstreamHttpMethod": [ "PUT" ],
      "DownstreamPathTemplate": "/api/itemcatalogo/{itemCatalogoid}",
      "DownstreamScheme": "https",
      "DownstreamHostAndPorts": [
        {
          "Host": "localhost",
          "Port": 44357
        }
      ],
      "ReRouteIsCaseSensitive": false,
      "AuthenticationOptions": {
        "AuthenticationProviderKey": "Bearer",
        "AllowedScopes": [ "SISGP.ProgramaGestao" ]
      }
    },
    {
      "UpstreamPathTemplate": "/itemcatalogo/{itemCatalogoid}",
      "UpstreamHttpMethod": [ "DELETE" ],
      "DownstreamPathTemplate": "/api/itemcatalogo/{itemCatalogoid}",
      "DownstreamScheme": "https",
      "DownstreamHostAndPorts": [
        {
          "Host": "localhost",
          "Port": 44357
        }
      ],
      "ReRouteIsCaseSensitive": false,
      "AuthenticationOptions": {
        "AuthenticationProviderKey": "Bearer",
        "AllowedScopes": [ "SISGP.ProgramaGestao" ]
      }
    },


    {
      "UpstreamPathTemplate": "/pactotrabalho",
      "UpstreamHttpMethod": [ "GET" ],
      "DownstreamPathTemplate": "/api/pactotrabalho",
      "DownstreamScheme": "https",
      "DownstreamHostAndPorts": [
        {
          "Host": "localhost",
          "Port": 44357
        }
      ],
      "ReRouteIsCaseSensitive": false,
      "AuthenticationOptions": {
        "AuthenticationProviderKey": "Bearer",
        "AllowedScopes": [ "SISGP.ProgramaGestao" ]
      }
    },
    {
      "UpstreamPathTemplate": "/pactotrabalho/atual",
      "UpstreamHttpMethod": [ "GET" ],
      "DownstreamPathTemplate": "/api/pactotrabalho/atual",
      "DownstreamScheme": "https",
      "DownstreamHostAndPorts": [
        {
          "Host": "localhost",
          "Port": 44357
        }
      ],
      "ReRouteIsCaseSensitive": false,
      "AuthenticationOptions": {
        "AuthenticationProviderKey": "Bearer",
        "AllowedScopes": [ "SISGP.ProgramaGestao" ]
      }
    },
    {
      "UpstreamPathTemplate": "/pactotrabalho/{pactoTrabalhoid}",
      "UpstreamHttpMethod": [ "GET" ],
      "DownstreamPathTemplate": "/api/pactotrabalho/{pactoTrabalhoid}",
      "DownstreamScheme": "https",
      "DownstreamHostAndPorts": [
        {
          "Host": "localhost",
          "Port": 44357
        }
      ],
      "ReRouteIsCaseSensitive": false,
      "AuthenticationOptions": {
        "AuthenticationProviderKey": "Bearer",
        "AllowedScopes": [ "SISGP.ProgramaGestao" ]
      }
    },
    {
      "UpstreamPathTemplate": "/pactotrabalho/{pactoTrabalhoid}/periodo",
      "UpstreamHttpMethod": [ "GET" ],
      "DownstreamPathTemplate": "/api/pactotrabalho/{pactoTrabalhoid}/periodo",
      "DownstreamScheme": "https",
      "DownstreamHostAndPorts": [
        {
          "Host": "localhost",
          "Port": 44357
        }
      ],
      "ReRouteIsCaseSensitive": false,
      "AuthenticationOptions": {
        "AuthenticationProviderKey": "Bearer",
        "AllowedScopes": [ "SISGP.ProgramaGestao" ]
      }
    },
    {
      "UpstreamPathTemplate": "/pactotrabalho/{pactoTrabalhoid}",
      "UpstreamHttpMethod": [ "DELETE" ],
      "DownstreamPathTemplate": "/api/pactotrabalho/{pactoTrabalhoid}",
      "DownstreamScheme": "https",
      "DownstreamHostAndPorts": [
        {
          "Host": "localhost",
          "Port": 44357
        }
      ],
      "ReRouteIsCaseSensitive": false,
      "AuthenticationOptions": {
        "AuthenticationProviderKey": "Bearer",
        "AllowedScopes": [ "SISGP.ProgramaGestao" ]
      }
    },
    {
      "UpstreamPathTemplate": "/pactotrabalho",
      "UpstreamHttpMethod": [ "POST" ],
      "DownstreamPathTemplate": "/api/pactotrabalho",
      "DownstreamScheme": "https",
      "DownstreamHostAndPorts": [
        {
          "Host": "localhost",
          "Port": 44357
        }
      ],
      "ReRouteIsCaseSensitive": false,
      "AuthenticationOptions": {
        "AuthenticationProviderKey": "Bearer",
        "AllowedScopes": [ "SISGP.ProgramaGestao" ]
      }
    },
    {
      "UpstreamPathTemplate": "/pactotrabalho/{pactoTrabalhoid}",
      "UpstreamHttpMethod": [ "PUT" ],
      "DownstreamPathTemplate": "/api/pactotrabalho/{pactoTrabalhoid}",
      "DownstreamScheme": "https",
      "DownstreamHostAndPorts": [
        {
          "Host": "localhost",
          "Port": 44357
        }
      ],
      "ReRouteIsCaseSensitive": false,
      "AuthenticationOptions": {
        "AuthenticationProviderKey": "Bearer",
        "AllowedScopes": [ "SISGP.ProgramaGestao" ]
      }
    },
    {
      "UpstreamPathTemplate": "/pactotrabalho/{pactoTrabalhoid}/historico",
      "UpstreamHttpMethod": [ "GET" ],
      "DownstreamPathTemplate": "/api/pactotrabalho/{pactoTrabalhoid}/historico",
      "DownstreamScheme": "https",
      "DownstreamHostAndPorts": [
        {
          "Host": "localhost",
          "Port": 44357
        }
      ],
      "ReRouteIsCaseSensitive": false,
      "AuthenticationOptions": {
        "AuthenticationProviderKey": "Bearer",
        "AllowedScopes": [ "SISGP.ProgramaGestao" ]
      }
    },
    {
      "UpstreamPathTemplate": "/pactotrabalho/{pactoTrabalhoid}/enviarParaAceite",
      "UpstreamHttpMethod": [ "PUT" ],
      "DownstreamPathTemplate": "/api/pactotrabalho/{pactoTrabalhoid}/enviarParaAceite",
      "DownstreamScheme": "https",
      "DownstreamHostAndPorts": [
        {
          "Host": "localhost",
          "Port": 44357
        }
      ],
      "ReRouteIsCaseSensitive": false,
      "AuthenticationOptions": {
        "AuthenticationProviderKey": "Bearer",
        "AllowedScopes": [ "SISGP.ProgramaGestao" ]
      }
    },
    {
      "UpstreamPathTemplate": "/pactotrabalho/{pactoTrabalhoid}/aceitar",
      "UpstreamHttpMethod": [ "PUT" ],
      "DownstreamPathTemplate": "/api/pactotrabalho/{pactoTrabalhoid}/aceitar",
      "DownstreamScheme": "https",
      "DownstreamHostAndPorts": [
        {
          "Host": "localhost",
          "Port": 44357
        }
      ],
      "ReRouteIsCaseSensitive": false,
      "AuthenticationOptions": {
        "AuthenticationProviderKey": "Bearer",
        "AllowedScopes": [ "SISGP.ProgramaGestao" ]
      }
    },
    {
      "UpstreamPathTemplate": "/pactotrabalho/{pactoTrabalhoid}/rejeitar",
      "UpstreamHttpMethod": [ "PUT" ],
      "DownstreamPathTemplate": "/api/pactotrabalho/{pactoTrabalhoid}/rejeitar",
      "DownstreamScheme": "https",
      "DownstreamHostAndPorts": [
        {
          "Host": "localhost",
          "Port": 44357
        }
      ],
      "ReRouteIsCaseSensitive": false,
      "AuthenticationOptions": {
        "AuthenticationProviderKey": "Bearer",
        "AllowedScopes": [ "SISGP.ProgramaGestao" ]
      }
    },
    {
      "UpstreamPathTemplate": "/pactotrabalho/{pactoTrabalhoid}/voltarParaRascunho",
      "UpstreamHttpMethod": [ "PUT" ],
      "DownstreamPathTemplate": "/api/pactotrabalho/{pactoTrabalhoid}/voltarParaRascunho",
      "DownstreamScheme": "https",
      "DownstreamHostAndPorts": [
        {
          "Host": "localhost",
          "Port": 44357
        }
      ],
      "ReRouteIsCaseSensitive": false,
      "AuthenticationOptions": {
        "AuthenticationProviderKey": "Bearer",
        "AllowedScopes": [ "SISGP.ProgramaGestao" ]
      }
    },
    {
      "UpstreamPathTemplate": "/pactotrabalho/{pactoTrabalhoid}/iniciarExecucao",
      "UpstreamHttpMethod": [ "PUT" ],
      "DownstreamPathTemplate": "/api/pactotrabalho/{pactoTrabalhoid}/iniciarExecucao",
      "DownstreamScheme": "https",
      "DownstreamHostAndPorts": [
        {
          "Host": "localhost",
          "Port": 44357
        }
      ],
      "ReRouteIsCaseSensitive": false,
      "AuthenticationOptions": {
        "AuthenticationProviderKey": "Bearer",
        "AllowedScopes": [ "SISGP.ProgramaGestao" ]
      }
    },
    {
      "UpstreamPathTemplate": "/pactotrabalho/{pactoTrabalhoid}/concluirExecucao",
      "UpstreamHttpMethod": [ "PUT" ],
      "DownstreamPathTemplate": "/api/pactotrabalho/{pactoTrabalhoid}/concluirExecucao",
      "DownstreamScheme": "https",
      "DownstreamHostAndPorts": [
        {
          "Host": "localhost",
          "Port": 44357
        }
      ],
      "ReRouteIsCaseSensitive": false,
      "AuthenticationOptions": {
        "AuthenticationProviderKey": "Bearer",
        "AllowedScopes": [ "SISGP.ProgramaGestao" ]
      }
    },
    {
      "UpstreamPathTemplate": "/pactotrabalho/{pactoTrabalhoid}/avaliar",
      "UpstreamHttpMethod": [ "PUT" ],
      "DownstreamPathTemplate": "/api/pactotrabalho/{pactoTrabalhoid}/avaliar",
      "DownstreamScheme": "https",
      "DownstreamHostAndPorts": [
        {
          "Host": "localhost",
          "Port": 44357
        }
      ],
      "ReRouteIsCaseSensitive": false,
      "AuthenticationOptions": {
        "AuthenticationProviderKey": "Bearer",
        "AllowedScopes": [ "SISGP.ProgramaGestao" ]
      }
    },
    {
      "UpstreamPathTemplate": "/pactotrabalho/{pactoTrabalhoid}/atividades",
      "UpstreamHttpMethod": [ "GET" ],
      "DownstreamPathTemplate": "/api/pactotrabalho/{pactoTrabalhoid}/atividades",
      "DownstreamScheme": "https",
      "DownstreamHostAndPorts": [
        {
          "Host": "localhost",
          "Port": 44357
        }
      ],
      "ReRouteIsCaseSensitive": false,
      "AuthenticationOptions": {
        "AuthenticationProviderKey": "Bearer",
        "AllowedScopes": [ "SISGP.ProgramaGestao" ]
      }
    },
    {
      "UpstreamPathTemplate": "/pactotrabalho/{pactoTrabalhoid}/atividades",
      "UpstreamHttpMethod": [ "POST" ],
      "DownstreamPathTemplate": "/api/pactotrabalho/{pactoTrabalhoid}/atividades",
      "DownstreamScheme": "https",
      "DownstreamHostAndPorts": [
        {
          "Host": "localhost",
          "Port": 44357
        }
      ],
      "ReRouteIsCaseSensitive": false,
      "AuthenticationOptions": {
        "AuthenticationProviderKey": "Bearer",
        "AllowedScopes": [ "SISGP.ProgramaGestao" ]
      }
    },
    {
      "UpstreamPathTemplate": "/pactotrabalho/{pactoTrabalhoid}/atividades/{pactoTrabalhoAtividadeId}",
      "UpstreamHttpMethod": [ "PUT" ],
      "DownstreamPathTemplate": "/api/pactotrabalho/{pactoTrabalhoid}/atividades/{pactoTrabalhoAtividadeId}",
      "DownstreamScheme": "https",
      "DownstreamHostAndPorts": [
        {
          "Host": "localhost",
          "Port": 44357
        }
      ],
      "ReRouteIsCaseSensitive": false,
      "AuthenticationOptions": {
        "AuthenticationProviderKey": "Bearer",
        "AllowedScopes": [ "SISGP.ProgramaGestao" ]
      }
    },
    {
      "UpstreamPathTemplate": "/pactotrabalho/{pactoTrabalhoid}/atividades/{pactoTrabalhoAtividadeId}",
      "UpstreamHttpMethod": [ "DELETE" ],
      "DownstreamPathTemplate": "/api/pactotrabalho/{pactoTrabalhoid}/atividades/{pactoTrabalhoAtividadeId}",
      "DownstreamScheme": "https",
      "DownstreamHostAndPorts": [
        {
          "Host": "localhost",
          "Port": 44357
        }
      ],
      "ReRouteIsCaseSensitive": false,
      "AuthenticationOptions": {
        "AuthenticationProviderKey": "Bearer",
        "AllowedScopes": [ "SISGP.ProgramaGestao" ]
      }
    },
    {
      "UpstreamPathTemplate": "/pactotrabalho/{pactoTrabalhoid}/atividades/{pactoTrabalhoAtividadeId}/todo",
      "UpstreamHttpMethod": [ "PUT" ],
      "DownstreamPathTemplate": "/api/pactotrabalho/{pactoTrabalhoid}/atividades/{pactoTrabalhoAtividadeId}/todo",
      "DownstreamScheme": "https",
      "DownstreamHostAndPorts": [
        {
          "Host": "localhost",
          "Port": 44357
        }
      ],
      "ReRouteIsCaseSensitive": false,
      "AuthenticationOptions": {
        "AuthenticationProviderKey": "Bearer",
        "AllowedScopes": [ "SISGP.ProgramaGestao" ]
      }
    },
    {
      "UpstreamPathTemplate": "/pactotrabalho/{pactoTrabalhoid}/atividades/{pactoTrabalhoAtividadeId}/doing",
      "UpstreamHttpMethod": [ "PUT" ],
      "DownstreamPathTemplate": "/api/pactotrabalho/{pactoTrabalhoid}/atividades/{pactoTrabalhoAtividadeId}/doing",
      "DownstreamScheme": "https",
      "DownstreamHostAndPorts": [
        {
          "Host": "localhost",
          "Port": 44357
        }
      ],
      "ReRouteIsCaseSensitive": false,
      "AuthenticationOptions": {
        "AuthenticationProviderKey": "Bearer",
        "AllowedScopes": [ "SISGP.ProgramaGestao" ]
      }
    },
    {
      "UpstreamPathTemplate": "/pactotrabalho/{pactoTrabalhoid}/atividades/{pactoTrabalhoAtividadeId}/done",
      "UpstreamHttpMethod": [ "PUT" ],
      "DownstreamPathTemplate": "/api/pactotrabalho/{pactoTrabalhoid}/atividades/{pactoTrabalhoAtividadeId}/done",
      "DownstreamScheme": "https",
      "DownstreamHostAndPorts": [
        {
          "Host": "localhost",
          "Port": 44357
        }
      ],
      "ReRouteIsCaseSensitive": false,
      "AuthenticationOptions": {
        "AuthenticationProviderKey": "Bearer",
        "AllowedScopes": [ "SISGP.ProgramaGestao" ]
      }
    },
    {
      "UpstreamPathTemplate": "/pactotrabalho/{pactoTrabalhoid}/atividades/{pactoTrabalhoAtividadeId}/andamento",
      "UpstreamHttpMethod": [ "PUT" ],
      "DownstreamPathTemplate": "/api/pactotrabalho/{pactoTrabalhoid}/atividades/{pactoTrabalhoAtividadeId}/andamento",
      "DownstreamScheme": "https",
      "DownstreamHostAndPorts": [
        {
          "Host": "localhost",
          "Port": 44357
        }
      ],
      "ReRouteIsCaseSensitive": false,
      "AuthenticationOptions": {
        "AuthenticationProviderKey": "Bearer",
        "AllowedScopes": [ "SISGP.ProgramaGestao" ]
      }
    },
    {
      "UpstreamPathTemplate": "/pactotrabalho/{pactoTrabalhoid}/atividades/{pactoTrabalhoAtividadeId}/avaliar",
      "UpstreamHttpMethod": [ "PUT" ],
      "DownstreamPathTemplate": "/api/pactotrabalho/{pactoTrabalhoid}/atividades/{pactoTrabalhoAtividadeId}/avaliar",
      "DownstreamScheme": "https",
      "DownstreamHostAndPorts": [
        {
          "Host": "localhost",
          "Port": 44357
        }
      ],
      "ReRouteIsCaseSensitive": false,
      "AuthenticationOptions": {
        "AuthenticationProviderKey": "Bearer",
        "AllowedScopes": [ "SISGP.ProgramaGestao" ]
      }
    },
    {
      "UpstreamPathTemplate": "/pactotrabalho/{pactoTrabalhoid}/solicitacao",
      "UpstreamHttpMethod": [ "GET" ],
      "DownstreamPathTemplate": "/api/pactotrabalho/{pactoTrabalhoid}/solicitacao",
      "DownstreamScheme": "https",
      "DownstreamHostAndPorts": [
        {
          "Host": "localhost",
          "Port": 44357
        }
      ],
      "ReRouteIsCaseSensitive": false,
      "AuthenticationOptions": {
        "AuthenticationProviderKey": "Bearer",
        "AllowedScopes": [ "SISGP.ProgramaGestao" ]
      }
    },
    {
      "UpstreamPathTemplate": "/pactotrabalho/{pactoTrabalhoid}/solicitacao/prazo",
      "UpstreamHttpMethod": [ "POST" ],
      "DownstreamPathTemplate": "/api/pactotrabalho/{pactoTrabalhoid}/solicitacao/prazo",
      "DownstreamScheme": "https",
      "DownstreamHostAndPorts": [
        {
          "Host": "localhost",
          "Port": 44357
        }
      ],
      "ReRouteIsCaseSensitive": false,
      "AuthenticationOptions": {
        "AuthenticationProviderKey": "Bearer",
        "AllowedScopes": [ "SISGP.ProgramaGestao" ]
      }
    },
    {
      "UpstreamPathTemplate": "/pactotrabalho/{pactoTrabalhoid}/solicitacao/atividade",
      "UpstreamHttpMethod": [ "POST" ],
      "DownstreamPathTemplate": "/api/pactotrabalho/{pactoTrabalhoid}/solicitacao/atividade",
      "DownstreamScheme": "https",
      "DownstreamHostAndPorts": [
        {
          "Host": "localhost",
          "Port": 44357
        }
      ],
      "ReRouteIsCaseSensitive": false,
      "AuthenticationOptions": {
        "AuthenticationProviderKey": "Bearer",
        "AllowedScopes": [ "SISGP.ProgramaGestao" ]
      }
    },
    {
      "UpstreamPathTemplate": "/pactotrabalho/{pactoTrabalhoid}/solicitacao/justificarestouroprazo",
      "UpstreamHttpMethod": [ "POST" ],
      "DownstreamPathTemplate": "/api/pactotrabalho/{pactoTrabalhoid}/solicitacao/justificarestouroprazo",
      "DownstreamScheme": "https",
      "DownstreamHostAndPorts": [
        {
          "Host": "localhost",
          "Port": 44357
        }
      ],
      "ReRouteIsCaseSensitive": false,
      "AuthenticationOptions": {
        "AuthenticationProviderKey": "Bearer",
        "AllowedScopes": [ "SISGP.ProgramaGestao" ]
      }
    },
    {
      "UpstreamPathTemplate": "/pactotrabalho/{pactoTrabalhoid}/solicitacao/{pactoTrabalhoSolicitacaoId}/responder",
      "UpstreamHttpMethod": [ "PUT" ],
      "DownstreamPathTemplate": "/api/pactotrabalho/{pactoTrabalhoid}/solicitacao/{pactoTrabalhoSolicitacaoId}/responder",
      "DownstreamScheme": "https",
      "DownstreamHostAndPorts": [
        {
          "Host": "localhost",
          "Port": 44357
        }
      ],
      "ReRouteIsCaseSensitive": false,
      "AuthenticationOptions": {
        "AuthenticationProviderKey": "Bearer",
        "AllowedScopes": [ "SISGP.ProgramaGestao" ]
      }
    },
    {
      "UpstreamPathTemplate": "/pactotrabalho/{pactoTrabalhoid}/assuntosParaAssociar",
      "UpstreamHttpMethod": [ "GET" ],
      "DownstreamPathTemplate": "/api/pactotrabalho/{pactoTrabalhoid}/assuntosParaAssociar",
      "DownstreamScheme": "https",
      "DownstreamHostAndPorts": [
        {
          "Host": "localhost",
          "Port": 44357
        }
      ],
      "ReRouteIsCaseSensitive": false,
      "AuthenticationOptions": {
        "AuthenticationProviderKey": "Bearer",
        "AllowedScopes": [ "SISGP.ProgramaGestao" ]
      }
    },


    {
      "UpstreamPathTemplate": "/pessoa",
      "UpstreamHttpMethod": [ "GET" ],
      "DownstreamPathTemplate": "/api/pessoa",
      "DownstreamScheme": "https",
      "DownstreamHostAndPorts": [
        {
          "Host": "localhost",
          "Port": 44357
        }
      ],
      "ReRouteIsCaseSensitive": false,
      "AuthenticationOptions": {
        "AuthenticationProviderKey": "Bearer",
        "AllowedScopes": [ "SISGP.ProgramaGestao" ]
      }
    },
    {
      "UpstreamPathTemplate": "/pessoa/perfil",
      "UpstreamHttpMethod": [ "GET" ],
      "DownstreamPathTemplate": "/api/pessoa/perfil",
      "DownstreamScheme": "https",
      "DownstreamHostAndPorts": [
        {
          "Host": "localhost",
          "Port": 44357
        }
      ],
      "ReRouteIsCaseSensitive": false,
      "AuthenticationOptions": {
        "AuthenticationProviderKey": "Bearer",
        "AllowedScopes": [ "SISGP.ProgramaGestao" ]
      }
    },
    {
      "UpstreamPathTemplate": "/pessoa/{pessoaId}",
      "UpstreamHttpMethod": [ "GET" ],
      "DownstreamPathTemplate": "/api/pessoa/{pessoaId}",
      "DownstreamScheme": "https",
      "DownstreamHostAndPorts": [
        {
          "Host": "localhost",
          "Port": 44357
        }
      ],
      "ReRouteIsCaseSensitive": false,
      "AuthenticationOptions": {
        "AuthenticationProviderKey": "Bearer",
        "AllowedScopes": [ "SISGP.ProgramaGestao" ]
      }
    },
    {
      "UpstreamPathTemplate": "/pessoa/{pessoaId}/feriados",
      "UpstreamHttpMethod": [ "GET" ],
      "DownstreamPathTemplate": "/api/pessoa/{pessoaId}/feriados",
      "DownstreamScheme": "https",
      "DownstreamHostAndPorts": [
        {
          "Host": "localhost",
          "Port": 44357
        }
      ],
      "ReRouteIsCaseSensitive": false,
      "AuthenticationOptions": {
        "AuthenticationProviderKey": "Bearer",
        "AllowedScopes": [ "SISGP.ProgramaGestao" ]
      }
    },
    {
      "UpstreamPathTemplate": "/pessoa/compactotrabalho",
      "UpstreamHttpMethod": [ "GET" ],
      "DownstreamPathTemplate": "/api/pessoa/compactotrabalho",
      "DownstreamScheme": "https",
      "DownstreamHostAndPorts": [
        {
          "Host": "localhost",
          "Port": 44357
        }
      ],
      "ReRouteIsCaseSensitive": false,
      "AuthenticationOptions": {
        "AuthenticationProviderKey": "Bearer",
        "AllowedScopes": [ "SISGP.ProgramaGestao" ]
      }
    },


    {
      "UpstreamPathTemplate": "/planotrabalho",
      "UpstreamHttpMethod": [ "GET" ],
      "DownstreamPathTemplate": "/api/planotrabalho",
      "DownstreamScheme": "https",
      "DownstreamHostAndPorts": [
        {
          "Host": "localhost",
          "Port": 44357
        }
      ],
      "ReRouteIsCaseSensitive": false,
      "AuthenticationOptions": {
        "AuthenticationProviderKey": "Bearer",
        "AllowedScopes": [ "SISGP.ProgramaGestao" ]
      }
    },
    {
      "UpstreamPathTemplate": "/planotrabalho/{planoTrabalhoid}",
      "UpstreamHttpMethod": [ "GET" ],
      "DownstreamPathTemplate": "/api/planotrabalho/{planoTrabalhoid}",
      "DownstreamScheme": "https",
      "DownstreamHostAndPorts": [
        {
          "Host": "localhost",
          "Port": 44357
        }
      ],
      "ReRouteIsCaseSensitive": false,
      "AuthenticationOptions": {
        "AuthenticationProviderKey": "Bearer",
        "AllowedScopes": [ "SISGP.ProgramaGestao" ]
      }
    },
    {
      "UpstreamPathTemplate": "/planotrabalho/atual",
      "UpstreamHttpMethod": [ "GET" ],
      "DownstreamPathTemplate": "/api/planotrabalho/atual",
      "DownstreamScheme": "https",
      "DownstreamHostAndPorts": [
        {
          "Host": "localhost",
          "Port": 44357
        }
      ],
      "ReRouteIsCaseSensitive": false,
      "AuthenticationOptions": {
        "AuthenticationProviderKey": "Bearer",
        "AllowedScopes": [ "SISGP.ProgramaGestao" ]
      }
    },
    {
      "UpstreamPathTemplate": "/planotrabalho/habilitacao",
      "UpstreamHttpMethod": [ "GET" ],
      "DownstreamPathTemplate": "/api/planotrabalho/habilitacao",
      "DownstreamScheme": "https",
      "DownstreamHostAndPorts": [
        {
          "Host": "localhost",
          "Port": 44357
        }
      ],
      "ReRouteIsCaseSensitive": false,
      "AuthenticationOptions": {
        "AuthenticationProviderKey": "Bearer",
        "AllowedScopes": [ "SISGP.ProgramaGestao" ]
      }
    },
    {
      "UpstreamPathTemplate": "/planotrabalho",
      "UpstreamHttpMethod": [ "POST" ],
      "DownstreamPathTemplate": "/api/planotrabalho",
      "DownstreamScheme": "https",
      "DownstreamHostAndPorts": [
        {
          "Host": "localhost",
          "Port": 44357
        }
      ],
      "ReRouteIsCaseSensitive": false,
      "AuthenticationOptions": {
        "AuthenticationProviderKey": "Bearer",
        "AllowedScopes": [ "SISGP.ProgramaGestao" ]
      }
    },
    {
      "UpstreamPathTemplate": "/planotrabalho/{planoTrabalhoid}",
      "UpstreamHttpMethod": [ "PUT" ],
      "DownstreamPathTemplate": "/api/planotrabalho/{planoTrabalhoid}",
      "DownstreamScheme": "https",
      "DownstreamHostAndPorts": [
        {
          "Host": "localhost",
          "Port": 44357
        }
      ],
      "ReRouteIsCaseSensitive": false,
      "AuthenticationOptions": {
        "AuthenticationProviderKey": "Bearer",
        "AllowedScopes": [ "SISGP.ProgramaGestao" ]
      }
    },
    {
      "UpstreamPathTemplate": "/planotrabalho/{planoTrabalhoid}/pactosTrabalho",
      "UpstreamHttpMethod": [ "GET" ],
      "DownstreamPathTemplate": "/api/planotrabalho/{planoTrabalhoid}/pactosTrabalho",
      "DownstreamScheme": "https",
      "DownstreamHostAndPorts": [
        {
          "Host": "localhost",
          "Port": 44357
        }
      ],
      "ReRouteIsCaseSensitive": false,
      "AuthenticationOptions": {
        "AuthenticationProviderKey": "Bearer",
        "AllowedScopes": [ "SISGP.ProgramaGestao" ]
      }
    },
    {
      "UpstreamPathTemplate": "/planotrabalho/{planoTrabalhoid}/historico",
      "UpstreamHttpMethod": [ "GET" ],
      "DownstreamPathTemplate": "/api/planotrabalho/{planoTrabalhoid}/historico",
      "DownstreamScheme": "https",
      "DownstreamHostAndPorts": [
        {
          "Host": "localhost",
          "Port": 44357
        }
      ],
      "ReRouteIsCaseSensitive": false,
      "AuthenticationOptions": {
        "AuthenticationProviderKey": "Bearer",
        "AllowedScopes": [ "SISGP.ProgramaGestao" ]
      }
    },
    {
      "UpstreamPathTemplate": "/planotrabalho/{planoTrabalhoid}/situacao",
      "UpstreamHttpMethod": [ "PUT" ],
      "DownstreamPathTemplate": "/api/planotrabalho/{planoTrabalhoid}/situacao",
      "DownstreamScheme": "https",
      "DownstreamHostAndPorts": [
        {
          "Host": "localhost",
          "Port": 44357
        }
      ],
      "ReRouteIsCaseSensitive": false,
      "AuthenticationOptions": {
        "AuthenticationProviderKey": "Bearer",
        "AllowedScopes": [ "SISGP.ProgramaGestao" ]
      }
    },
    {
      "UpstreamPathTemplate": "/planotrabalho/{planoTrabalhoid}/atividades",
      "UpstreamHttpMethod": [ "GET" ],
      "DownstreamPathTemplate": "/api/planotrabalho/{planoTrabalhoid}/atividades",
      "DownstreamScheme": "https",
      "DownstreamHostAndPorts": [
        {
          "Host": "localhost",
          "Port": 44357
        }
      ],
      "ReRouteIsCaseSensitive": false,
      "AuthenticationOptions": {
        "AuthenticationProviderKey": "Bearer",
        "AllowedScopes": [ "SISGP.ProgramaGestao" ]
      }
    },
    {
      "UpstreamPathTemplate": "/planotrabalho/{planoTrabalhoid}/atividades",
      "UpstreamHttpMethod": [ "POST" ],
      "DownstreamPathTemplate": "/api/planotrabalho/{planoTrabalhoid}/atividades",
      "DownstreamScheme": "https",
      "DownstreamHostAndPorts": [
        {
          "Host": "localhost",
          "Port": 44357
        }
      ],
      "ReRouteIsCaseSensitive": false,
      "AuthenticationOptions": {
        "AuthenticationProviderKey": "Bearer",
        "AllowedScopes": [ "SISGP.ProgramaGestao" ]
      }
    },
    {
      "UpstreamPathTemplate": "/planotrabalho/{planoTrabalhoid}/atividades/{planoTrabalhoAtividadeId}",
      "UpstreamHttpMethod": [ "PUT" ],
      "DownstreamPathTemplate": "/api/planotrabalho/{planoTrabalhoid}/atividades/{planoTrabalhoAtividadeId}",
      "DownstreamScheme": "https",
      "DownstreamHostAndPorts": [
        {
          "Host": "localhost",
          "Port": 44357
        }
      ],
      "ReRouteIsCaseSensitive": false,
      "AuthenticationOptions": {
        "AuthenticationProviderKey": "Bearer",
        "AllowedScopes": [ "SISGP.ProgramaGestao" ]
      }
    },
    {
      "UpstreamPathTemplate": "/planotrabalho/{planoTrabalhoid}/atividades/{planoTrabalhoAtividadeId}",
      "UpstreamHttpMethod": [ "DELETE" ],
      "DownstreamPathTemplate": "/api/planotrabalho/{planoTrabalhoid}/atividades/{planoTrabalhoAtividadeId}",
      "DownstreamScheme": "https",
      "DownstreamHostAndPorts": [
        {
          "Host": "localhost",
          "Port": 44357
        }
      ],
      "ReRouteIsCaseSensitive": false,
      "AuthenticationOptions": {
        "AuthenticationProviderKey": "Bearer",
        "AllowedScopes": [ "SISGP.ProgramaGestao" ]
      }
    },
    {
      "UpstreamPathTemplate": "/planotrabalho/{planoTrabalhoid}/atividades/candidato",
      "UpstreamHttpMethod": [ "GET" ],
      "DownstreamPathTemplate": "/api/planotrabalho/{planoTrabalhoid}/atividades/candidato",
      "DownstreamScheme": "https",
      "DownstreamHostAndPorts": [
        {
          "Host": "localhost",
          "Port": 44357
        }
      ],
      "ReRouteIsCaseSensitive": false,
      "AuthenticationOptions": {
        "AuthenticationProviderKey": "Bearer",
        "AllowedScopes": [ "SISGP.ProgramaGestao" ]
      }
    },
    {
      "UpstreamPathTemplate": "/planotrabalho/{planoTrabalhoid}/atividades/{planoTrabalhoAtividadeId}/candidato",
      "UpstreamHttpMethod": [ "GET" ],
      "DownstreamPathTemplate": "/api/planotrabalho/{planoTrabalhoid}/atividades/{planoTrabalhoAtividadeId}/candidato",
      "DownstreamScheme": "https",
      "DownstreamHostAndPorts": [
        {
          "Host": "localhost",
          "Port": 44357
        }
      ],
      "ReRouteIsCaseSensitive": false,
      "AuthenticationOptions": {
        "AuthenticationProviderKey": "Bearer",
        "AllowedScopes": [ "SISGP.ProgramaGestao" ]
      }
    },
    {
      "UpstreamPathTemplate": "/planotrabalho/{planoTrabalhoid}/atividades/{planoTrabalhoAtividadeId}/candidato",
      "UpstreamHttpMethod": [ "POST" ],
      "DownstreamPathTemplate": "/api/planotrabalho/{planoTrabalhoid}/atividades/{planoTrabalhoAtividadeId}/candidato",
      "DownstreamScheme": "https",
      "DownstreamHostAndPorts": [
        {
          "Host": "localhost",
          "Port": 44357
        }
      ],
      "ReRouteIsCaseSensitive": false,
      "AuthenticationOptions": {
        "AuthenticationProviderKey": "Bearer",
        "AllowedScopes": [ "SISGP.ProgramaGestao" ]
      }
    },
    {
      "UpstreamPathTemplate": "/planotrabalho/{planoTrabalhoid}/atividades/{planoTrabalhoAtividadeId}/candidato/{planoTrabalhoAtividadeCandidatoId}",
      "UpstreamHttpMethod": [ "PUT" ],
      "DownstreamPathTemplate": "/api/planotrabalho/{planoTrabalhoid}/atividades/{planoTrabalhoAtividadeId}/candidato/{planoTrabalhoAtividadeCandidatoId}",
      "DownstreamScheme": "https",
      "DownstreamHostAndPorts": [
        {
          "Host": "localhost",
          "Port": 44357
        }
      ],
      "ReRouteIsCaseSensitive": false,
      "AuthenticationOptions": {
        "AuthenticationProviderKey": "Bearer",
        "AllowedScopes": [ "SISGP.ProgramaGestao" ]
      }
    },
    {
      "UpstreamPathTemplate": "/planotrabalho/{planoTrabalhoid}/pessoasModalidadesExecucao",
      "UpstreamHttpMethod": [ "PUT" ],
      "DownstreamPathTemplate": "/api/planotrabalho/{planoTrabalhoid}/pessoasModalidadesExecucao",
      "DownstreamScheme": "https",
      "DownstreamHostAndPorts": [
        {
          "Host": "localhost",
          "Port": 44357
        }
      ],
      "ReRouteIsCaseSensitive": false,
      "AuthenticationOptions": {
        "AuthenticationProviderKey": "Bearer",
        "AllowedScopes": [ "SISGP.ProgramaGestao" ]
      }
    },
    {
      "UpstreamPathTemplate": "/planotrabalho/{planoTrabalhoid}/metas",
      "UpstreamHttpMethod": [ "GET" ],
      "DownstreamPathTemplate": "/api/planotrabalho/{planoTrabalhoid}/metas",
      "DownstreamScheme": "https",
      "DownstreamHostAndPorts": [
        {
          "Host": "localhost",
          "Port": 44357
        }
      ],
      "ReRouteIsCaseSensitive": false,
      "AuthenticationOptions": {
        "AuthenticationProviderKey": "Bearer",
        "AllowedScopes": [ "SISGP.ProgramaGestao" ]
      }
    },
    {
      "UpstreamPathTemplate": "/planotrabalho/{planoTrabalhoid}/metas",
      "UpstreamHttpMethod": [ "POST" ],
      "DownstreamPathTemplate": "/api/planotrabalho/{planoTrabalhoid}/metas",
      "DownstreamScheme": "https",
      "DownstreamHostAndPorts": [
        {
          "Host": "localhost",
          "Port": 44357
        }
      ],
      "ReRouteIsCaseSensitive": false,
      "AuthenticationOptions": {
        "AuthenticationProviderKey": "Bearer",
        "AllowedScopes": [ "SISGP.ProgramaGestao" ]
      }
    },
    {
      "UpstreamPathTemplate": "/planotrabalho/{planoTrabalhoid}/metas/{planoTrabalhoMetaId}",
      "UpstreamHttpMethod": [ "PUT" ],
      "DownstreamPathTemplate": "/api/planotrabalho/{planoTrabalhoid}/metas/{planoTrabalhoMetaId}",
      "DownstreamScheme": "https",
      "DownstreamHostAndPorts": [
        {
          "Host": "localhost",
          "Port": 44357
        }
      ],
      "ReRouteIsCaseSensitive": false,
      "AuthenticationOptions": {
        "AuthenticationProviderKey": "Bearer",
        "AllowedScopes": [ "SISGP.ProgramaGestao" ]
      }
    },
    {
      "UpstreamPathTemplate": "/planotrabalho/{planoTrabalhoid}/metas/{planoTrabalhoMetaId}",
      "UpstreamHttpMethod": [ "DELETE" ],
      "DownstreamPathTemplate": "/api/planotrabalho/{planoTrabalhoid}/metas/{planoTrabalhoMetaId}",
      "DownstreamScheme": "https",
      "DownstreamHostAndPorts": [
        {
          "Host": "localhost",
          "Port": 44357
        }
      ],
      "ReRouteIsCaseSensitive": false,
      "AuthenticationOptions": {
        "AuthenticationProviderKey": "Bearer",
        "AllowedScopes": [ "SISGP.ProgramaGestao" ]
      }
    },
    {
      "UpstreamPathTemplate": "/planotrabalho/{planoTrabalhoid}/reunioes",
      "UpstreamHttpMethod": [ "GET" ],
      "DownstreamPathTemplate": "/api/planotrabalho/{planoTrabalhoid}/reunioes",
      "DownstreamScheme": "https",
      "DownstreamHostAndPorts": [
        {
          "Host": "localhost",
          "Port": 44357
        }
      ],
      "ReRouteIsCaseSensitive": false,
      "AuthenticationOptions": {
        "AuthenticationProviderKey": "Bearer",
        "AllowedScopes": [ "SISGP.ProgramaGestao" ]
      }
    },
    {
      "UpstreamPathTemplate": "/planotrabalho/{planoTrabalhoid}/reunioes",
      "UpstreamHttpMethod": [ "POST" ],
      "DownstreamPathTemplate": "/api/planotrabalho/{planoTrabalhoid}/reunioes",
      "DownstreamScheme": "https",
      "DownstreamHostAndPorts": [
        {
          "Host": "localhost",
          "Port": 44357
        }
      ],
      "ReRouteIsCaseSensitive": false,
      "AuthenticationOptions": {
        "AuthenticationProviderKey": "Bearer",
        "AllowedScopes": [ "SISGP.ProgramaGestao" ]
      }
    },
    {
      "UpstreamPathTemplate": "/planotrabalho/{planoTrabalhoid}/reunioes/{planoTrabalhoReuniaoId}",
      "UpstreamHttpMethod": [ "PUT" ],
      "DownstreamPathTemplate": "/api/planotrabalho/{planoTrabalhoid}/reunioes/{planoTrabalhoReuniaoId}",
      "DownstreamScheme": "https",
      "DownstreamHostAndPorts": [
        {
          "Host": "localhost",
          "Port": 44357
        }
      ],
      "ReRouteIsCaseSensitive": false,
      "AuthenticationOptions": {
        "AuthenticationProviderKey": "Bearer",
        "AllowedScopes": [ "SISGP.ProgramaGestao" ]
      }
    },
    {
      "UpstreamPathTemplate": "/planotrabalho/{planoTrabalhoid}/reunioes/{planoTrabalhoReuniaoId}",
      "UpstreamHttpMethod": [ "DELETE" ],
      "DownstreamPathTemplate": "/api/planotrabalho/{planoTrabalhoid}/reunioes/{planoTrabalhoReuniaoId}",
      "DownstreamScheme": "https",
      "DownstreamHostAndPorts": [
        {
          "Host": "localhost",
          "Port": 44357
        }
      ],
      "ReRouteIsCaseSensitive": false,
      "AuthenticationOptions": {
        "AuthenticationProviderKey": "Bearer",
        "AllowedScopes": [ "SISGP.ProgramaGestao" ]
      }
    },

    {
      "UpstreamPathTemplate": "/planotrabalho/{planoTrabalhoid}/custos",
      "UpstreamHttpMethod": [ "GET" ],
      "DownstreamPathTemplate": "/api/planotrabalho/{planoTrabalhoid}/custos",
      "DownstreamScheme": "https",
      "DownstreamHostAndPorts": [
        {
          "Host": "localhost",
          "Port": 44357
        }
      ],
      "ReRouteIsCaseSensitive": false,
      "AuthenticationOptions": {
        "AuthenticationProviderKey": "Bearer",
        "AllowedScopes": [ "SISGP.ProgramaGestao" ]
      }
    },
    {
      "UpstreamPathTemplate": "/planotrabalho/{planoTrabalhoid}/custos",
      "UpstreamHttpMethod": [ "POST" ],
      "DownstreamPathTemplate": "/api/planotrabalho/{planoTrabalhoid}/custos",
      "DownstreamScheme": "https",
      "DownstreamHostAndPorts": [
        {
          "Host": "localhost",
          "Port": 44357
        }
      ],
      "ReRouteIsCaseSensitive": false,
      "AuthenticationOptions": {
        "AuthenticationProviderKey": "Bearer",
        "AllowedScopes": [ "SISGP.ProgramaGestao" ]
      }
    },
    {
      "UpstreamPathTemplate": "/planotrabalho/{planoTrabalhoid}/custos/{planoTrabalhoCustoId}",
      "UpstreamHttpMethod": [ "PUT" ],
      "DownstreamPathTemplate": "/api/planotrabalho/{planoTrabalhoid}/custos/{planoTrabalhoCustoId}",
      "DownstreamScheme": "https",
      "DownstreamHostAndPorts": [
        {
          "Host": "localhost",
          "Port": 44357
        }
      ],
      "ReRouteIsCaseSensitive": false,
      "AuthenticationOptions": {
        "AuthenticationProviderKey": "Bearer",
        "AllowedScopes": [ "SISGP.ProgramaGestao" ]
      }
    },
    {
      "UpstreamPathTemplate": "/planotrabalho/{planoTrabalhoid}/custos/{planoTrabalhoCustoId}",
      "UpstreamHttpMethod": [ "DELETE" ],
      "DownstreamPathTemplate": "/api/planotrabalho/{planoTrabalhoid}/custos/{planoTrabalhoCustoId}",
      "DownstreamScheme": "https",
      "DownstreamHostAndPorts": [
        {
          "Host": "localhost",
          "Port": 44357
        }
      ],
      "ReRouteIsCaseSensitive": false,
      "AuthenticationOptions": {
        "AuthenticationProviderKey": "Bearer",
        "AllowedScopes": [ "SISGP.ProgramaGestao" ]
      }
    },
    {
      "UpstreamPathTemplate": "/planotrabalho/{planoTrabalhoid}/objetos",
      "UpstreamHttpMethod": [ "GET" ],
      "DownstreamPathTemplate": "/api/planotrabalho/{planoTrabalhoid}/objetos",
      "DownstreamScheme": "https",
      "DownstreamHostAndPorts": [
        {
          "Host": "localhost",
          "Port": 44357
        }
      ],
      "ReRouteIsCaseSensitive": false,
      "AuthenticationOptions": {
        "AuthenticationProviderKey": "Bearer",
        "AllowedScopes": [ "SISGP.ProgramaGestao" ]
      }
    },
    {
      "UpstreamPathTemplate": "/planotrabalho/{planoTrabalhoid}/objetosassociadosounaoatividadepacto",
      "UpstreamHttpMethod": [ "GET" ],
      "DownstreamPathTemplate": "/api/planotrabalho/{planoTrabalhoid}/objetosassociadosounaoatividadepacto",
      "DownstreamScheme": "https",
      "DownstreamHostAndPorts": [
        {
          "Host": "localhost",
          "Port": 44357
        }
      ],
      "ReRouteIsCaseSensitive": false,
      "AuthenticationOptions": {
        "AuthenticationProviderKey": "Bearer",
        "AllowedScopes": [ "SISGP.ProgramaGestao" ]
      }
    },
    {
      "UpstreamPathTemplate": "/planotrabalho/objetos/{planoTrabalhoObjetoId}",
      "UpstreamHttpMethod": [ "GET" ],
      "DownstreamPathTemplate": "/api/planotrabalho/objetos/{planoTrabalhoObjetoId}",
      "DownstreamScheme": "https",
      "DownstreamHostAndPorts": [
        {
          "Host": "localhost",
          "Port": 44357
        }
      ],
      "ReRouteIsCaseSensitive": false,
      "AuthenticationOptions": {
        "AuthenticationProviderKey": "Bearer",
        "AllowedScopes": [ "SISGP.ProgramaGestao" ]
      }
    },
    {
      "UpstreamPathTemplate": "/planotrabalho/{planoTrabalhoid}/objetos/{planoTrabalhoObjetoId}",
      "UpstreamHttpMethod": [ "DELETE" ],
      "DownstreamPathTemplate": "/api/planotrabalho/{planoTrabalhoid}/objetos/{planoTrabalhoObjetoId}",
      "DownstreamScheme": "https",
      "DownstreamHostAndPorts": [
        {
          "Host": "localhost",
          "Port": 44357
        }
      ],
      "ReRouteIsCaseSensitive": false,
      "AuthenticationOptions": {
        "AuthenticationProviderKey": "Bearer",
        "AllowedScopes": [ "SISGP.ProgramaGestao" ]
      }
    },
    {
      "UpstreamPathTemplate": "/planotrabalho/{planoTrabalhoid}/objetos",
      "UpstreamHttpMethod": [ "POST" ],
      "DownstreamPathTemplate": "/api/planotrabalho/{planoTrabalhoid}/objetos",
      "DownstreamScheme": "https",
      "DownstreamHostAndPorts": [
        {
          "Host": "localhost",
          "Port": 44357
        }
      ],
      "ReRouteIsCaseSensitive": false,
      "AuthenticationOptions": {
        "AuthenticationProviderKey": "Bearer",
        "AllowedScopes": [ "SISGP.ProgramaGestao" ]
      }
    },
    {
      "UpstreamPathTemplate": "/planotrabalho/{planoTrabalhoid}/objetos/{planoTrabalhoObjetoId}",
      "UpstreamHttpMethod": [ "PUT" ],
      "DownstreamPathTemplate": "/api/planotrabalho/{planoTrabalhoid}/objetos/{planoTrabalhoObjetoId}",
      "DownstreamScheme": "https",
      "DownstreamHostAndPorts": [
        {
          "Host": "localhost",
          "Port": 44357
        }
      ],
      "ReRouteIsCaseSensitive": false,
      "AuthenticationOptions": {
        "AuthenticationProviderKey": "Bearer",
        "AllowedScopes": [ "SISGP.ProgramaGestao" ]
      }
    },


    {
      "UpstreamPathTemplate": "/unidade/ativas",
      "UpstreamHttpMethod": [ "GET" ],
      "DownstreamPathTemplate": "/api/unidade/ativas",
      "DownstreamScheme": "https",
      "DownstreamHostAndPorts": [
        {
          "Host": "localhost",
          "Port": 44357
        }
      ],
      "ReRouteIsCaseSensitive": false,
      "AuthenticationOptions": {
        "AuthenticationProviderKey": "Bearer",
        "AllowedScopes": [ "SISGP.ProgramaGestao" ]
      }
    },
    {
      "UpstreamPathTemplate": "/unidade/complanotrabalho",
      "UpstreamHttpMethod": [ "GET" ],
      "DownstreamPathTemplate": "/api/unidade/complanotrabalho",
      "DownstreamScheme": "https",
      "DownstreamHostAndPorts": [
        {
          "Host": "localhost",
          "Port": 44357
        }
      ],
      "ReRouteIsCaseSensitive": false,
      "AuthenticationOptions": {
        "AuthenticationProviderKey": "Bearer",
        "AllowedScopes": [ "SISGP.ProgramaGestao" ]
      }
    },
    {
      "UpstreamPathTemplate": "/unidade/semcatalogocadastrado",
      "UpstreamHttpMethod": [ "GET" ],
      "DownstreamPathTemplate": "/api/unidade/semcatalogocadastrado",
      "DownstreamScheme": "https",
      "DownstreamHostAndPorts": [
        {
          "Host": "localhost",
          "Port": 44357
        }
      ],
      "ReRouteIsCaseSensitive": false,
      "AuthenticationOptions": {
        "AuthenticationProviderKey": "Bearer",
        "AllowedScopes": [ "SISGP.ProgramaGestao" ]
      }
    },
    {
      "UpstreamPathTemplate": "/unidade/comcatalogocadastrado",
      "UpstreamHttpMethod": [ "GET" ],
      "DownstreamPathTemplate": "/api/unidade/comcatalogocadastrado",
      "DownstreamScheme": "https",
      "DownstreamHostAndPorts": [
        {
          "Host": "localhost",
          "Port": 44357
        }
      ],
      "ReRouteIsCaseSensitive": false,
      "AuthenticationOptions": {
        "AuthenticationProviderKey": "Bearer",
        "AllowedScopes": [ "SISGP.ProgramaGestao" ]
      }
    },
    {
      "UpstreamPathTemplate": "/unidade/{unidadeId}",
      "UpstreamHttpMethod": [ "GET" ],
      "DownstreamPathTemplate": "/api/unidade/{unidadeId}",
      "DownstreamScheme": "https",
      "DownstreamHostAndPorts": [
        {
          "Host": "localhost",
          "Port": 44357
        }
      ],
      "ReRouteIsCaseSensitive": false,
      "AuthenticationOptions": {
        "AuthenticationProviderKey": "Bearer",
        "AllowedScopes": [ "SISGP.ProgramaGestao" ]
      }
    },
    {
      "UpstreamPathTemplate": "/unidade/{unidadeId}/modalidadeexecucao",
      "UpstreamHttpMethod": [ "GET" ],
      "DownstreamPathTemplate": "/api/unidade/{unidadeId}/modalidadeexecucao",
      "DownstreamScheme": "https",
      "DownstreamHostAndPorts": [
        {
          "Host": "localhost",
          "Port": 44357
        }
      ],
      "ReRouteIsCaseSensitive": false,
      "AuthenticationOptions": {
        "AuthenticationProviderKey": "Bearer",
        "AllowedScopes": [ "SISGP.ProgramaGestao" ]
      }
    },
    {
      "UpstreamPathTemplate": "/unidade/{unidadeId}/pessoas",
      "UpstreamHttpMethod": [ "GET" ],
      "DownstreamPathTemplate": "/api/unidade/{unidadeId}/pessoas",
      "DownstreamScheme": "https",
      "DownstreamHostAndPorts": [
        {
          "Host": "localhost",
          "Port": 44357
        }
      ],
      "ReRouteIsCaseSensitive": false,
      "AuthenticationOptions": {
        "AuthenticationProviderKey": "Bearer",
        "AllowedScopes": [ "SISGP.ProgramaGestao" ]
      }
    },

    {
      "UpstreamPathTemplate": "/assunto",
      "UpstreamHttpMethod": [ "GET" ],
      "DownstreamPathTemplate": "/api/assunto",
      "DownstreamScheme": "https",
      "DownstreamHostAndPorts": [
        {
          "Host": "localhost",
          "Port": 44357
        }
      ],
      "ReRouteIsCaseSensitive": false,
      "AuthenticationOptions": {
        "AuthenticationProviderKey": "Bearer",
        "AllowedScopes": [ "SISGP.ProgramaGestao" ]
      }
    },
    {
      "UpstreamPathTemplate": "/assunto",
      "UpstreamHttpMethod": [ "POST" ],
      "DownstreamPathTemplate": "/api/assunto",
      "DownstreamScheme": "https",
      "DownstreamHostAndPorts": [
        {
          "Host": "localhost",
          "Port": 44357
        }
      ],
      "ReRouteIsCaseSensitive": false,
      "AuthenticationOptions": {
        "AuthenticationProviderKey": "Bearer",
        "AllowedScopes": [ "SISGP.ProgramaGestao" ]
      }
    },
    {
      "UpstreamPathTemplate": "/assunto",
      "UpstreamHttpMethod": [ "PUT" ],
      "DownstreamPathTemplate": "/api/assunto",
      "DownstreamScheme": "https",
      "DownstreamHostAndPorts": [
        {
          "Host": "localhost",
          "Port": 44357
        }
      ],
      "ReRouteIsCaseSensitive": false,
      "AuthenticationOptions": {
        "AuthenticationProviderKey": "Bearer",
        "AllowedScopes": [ "SISGP.ProgramaGestao" ]
      }
    },
    {
      "UpstreamPathTemplate": "/assunto/{id}",
      "UpstreamHttpMethod": [ "GET" ],
      "DownstreamPathTemplate": "/api/assunto/{id}",
      "DownstreamScheme": "https",
      "DownstreamHostAndPorts": [
        {
          "Host": "localhost",
          "Port": 44357
        }
      ],
      "ReRouteIsCaseSensitive": false,
      "AuthenticationOptions": {
        "AuthenticationProviderKey": "Bearer",
        "AllowedScopes": [ "SISGP.ProgramaGestao" ]
      }
    },
    {
      "UpstreamPathTemplate": "/assunto/texto",
      "UpstreamHttpMethod": [ "GET" ],
      "DownstreamPathTemplate": "/api/assunto/texto",
      "DownstreamScheme": "https",
      "DownstreamHostAndPorts": [
        {
          "Host": "localhost",
          "Port": 44357
        }
      ],
      "ReRouteIsCaseSensitive": false,
      "AuthenticationOptions": {
        "AuthenticationProviderKey": "Bearer",
        "AllowedScopes": [ "SISGP.ProgramaGestao" ]
      }
    },

    {
      "UpstreamPathTemplate": "/objeto",
      "UpstreamHttpMethod": [ "GET" ],
      "DownstreamPathTemplate": "/api/objeto",
      "DownstreamScheme": "https",
      "DownstreamHostAndPorts": [
        {
          "Host": "localhost",
          "Port": 44357
        }
      ],
      "ReRouteIsCaseSensitive": false,
      "AuthenticationOptions": {
        "AuthenticationProviderKey": "Bearer",
        "AllowedScopes": [ "SISGP.ProgramaGestao" ]
      }
    },
    {
      "UpstreamPathTemplate": "/objeto",
      "UpstreamHttpMethod": [ "POST" ],
      "DownstreamPathTemplate": "/api/objeto",
      "DownstreamScheme": "https",
      "DownstreamHostAndPorts": [
        {
          "Host": "localhost",
          "Port": 44357
        }
      ],
      "ReRouteIsCaseSensitive": false,
      "AuthenticationOptions": {
        "AuthenticationProviderKey": "Bearer",
        "AllowedScopes": [ "SISGP.ProgramaGestao" ]
      }
    },
    {
      "UpstreamPathTemplate": "/objeto",
      "UpstreamHttpMethod": [ "PUT" ],
      "DownstreamPathTemplate": "/api/objeto",
      "DownstreamScheme": "https",
      "DownstreamHostAndPorts": [
        {
          "Host": "localhost",
          "Port": 44357
        }
      ],
      "ReRouteIsCaseSensitive": false,
      "AuthenticationOptions": {
        "AuthenticationProviderKey": "Bearer",
        "AllowedScopes": [ "SISGP.ProgramaGestao" ]
      }
    },
    {
      "UpstreamPathTemplate": "/objeto/{id}",
      "UpstreamHttpMethod": [ "GET" ],
      "DownstreamPathTemplate": "/api/objeto/{id}",
      "DownstreamScheme": "https",
      "DownstreamHostAndPorts": [
        {
          "Host": "localhost",
          "Port": 44357
        }
      ],
      "ReRouteIsCaseSensitive": false,
      "AuthenticationOptions": {
        "AuthenticationProviderKey": "Bearer",
        "AllowedScopes": [ "SISGP.ProgramaGestao" ]
      }
    },
    {
      "UpstreamPathTemplate": "/objeto/texto",
      "UpstreamHttpMethod": [ "GET" ],
      "DownstreamPathTemplate": "/api/objeto/texto",
      "DownstreamScheme": "https",
      "DownstreamHostAndPorts": [
        {
          "Host": "localhost",
          "Port": 44357
        }
      ],
      "ReRouteIsCaseSensitive": false,
      "AuthenticationOptions": {
        "AuthenticationProviderKey": "Bearer",
        "AllowedScopes": [ "SISGP.ProgramaGestao" ]
      }
    }


  ],
  "GlobalConfiguration": {
    "ServiceDiscoveryProvider": {
      "BaseUrl": "https://localhost:44357/"
    }
  }
}